0.6047445535659790039,0.4019520282745361328,0.6948338747024536133,0.5354305505752563477
0.4193493127822875977,0.2595996856689453125,0.5294473767280578613,0.4205556213855743408
0.4499006867408752441,0.4418325126171112061,0.5239347219467163086,0.5686858892440795898
0.5640339255332946777,0.4402634203433990479,0.6649168729782104492,0.5647367835044860840
0.5311204791069030762,0.3508425951004028320,0.6429350376129150391,0.4780782163143157959
0.5514909029006958008,0.3895845711231231689,0.6724528074264526367,0.5672191381454467773
0.4438435733318328857,0.3099211454391479492,0.5612801313400268555,0.4447804391384124756
0.4393080770969390869,0.2838816046714782715,0.5313017964363098145,0.4280644357204437256
0.4063911139965057373,0.3041237294673919678,0.4973250627517700195,0.4511498212814331055
0.3910605609416961670,0.4074563682079315186,0.5025435090065002441,0.5404320955276489258
0.5164902806282043457,0.3910693526268005371,0.6389620304107666016,0.5565083622932434082
0.3960537016391754150,0.3647737205028533936,0.4825873076915740967,0.4856286644935607910
0.5423067808151245117,0.4098763763904571533,0.6296411752700805664,0.5546864867210388184
0.3291068077087402344,0.3699154555797576904,0.4641333818435668945,0.5237722396850585938
0.3371077477931976318,0.3488079905509948730,0.4413113892078399658,0.4995979070663452148
0.3864945471286773682,0.3199542462825775146,0.5175873041152954102,0.4884963035583496094
0.3141822516918182373,0.2536028921604156494,0.4221329689025878906,0.4324725568294525146
0.2601271569728851318,0.3744872510433197021,0.3843464553356170654,0.5513990521430969238
0.5403140187263488770,0.3762004673480987549,0.6915854811668395996,0.5655378103256225586
0.3707990348339080811,0.2921709120273590088,0.5005553960800170898,0.4436809122562408447
0.3636513948440551758,0.3548651933670043945,0.4490955770015716553,0.4836662411689758301
0.4827193319797515869,0.3960861265659332275,0.5823286175727844238,0.5342578887939453125
0.5457255244255065918,0.4269655048847198486,0.6413239836692810059,0.5753797888755798340
0.3754815757274627686,0.3822731077671051025,0.4798795580863952637,0.5140479803085327148
0.4732206463813781738,0.4462355971336364746,0.5646850466728210449,0.5700285434722900391
0.4442668557167053223,0.3382167816162109375,0.5592061877250671387,0.5215077400207519531
0.3941158354282379150,0.3514375090599060059,0.5032906532287597656,0.5233291387557983398
0.4504759609699249268,0.4282099008560180664,0.5452753305435180664,0.5596001744270324707
0.6106103062629699707,0.3407274484634399414,0.7190298438072204590,0.5049310922622680664
0.5038931369781494141,0.2737120985984802246,0.6319511532783508301,0.4371514022350311279
0.3838587105274200439,0.3516845405101776123,0.4697019159793853760,0.4783358573913574219
0.4720165729522705078,0.3578948378562927246,0.5759543180465698242,0.5020028352737426758
0.3539630472660064697,0.4060491919517517090,0.4895164072513580322,0.5686995983123779297
0.5390529632568359375,0.4211277365684509277,0.6848343610763549805,0.6061295866966247559
0.3054471313953399658,0.3750560581684112549,0.3929229080677032471,0.5139412879943847656
0.2961568534374237061,0.2743318974971771240,0.4345164597034454346,0.4413949251174926758
0.4177955985069274902,0.2772222161293029785,0.5218952894210815430,0.4475563466548919678
0.3951818943023681641,0.4134145081043243408,0.4892096817493438721,0.5706678032875061035
0.2627226114273071289,0.3620479106903076172,0.4088618755340576172,0.5314995646476745605
0.4471969008445739746,0.4179449975490570068,0.5242062807083129883,0.5501101613044738770
0.3073246479034423828,0.3148876428604125977,0.4236697256565093994,0.4974111318588256836
0.3677414953708648682,0.4261722266674041748,0.4841431677341461182,0.5747336149215698242
0.6103470921516418457,0.3882143497467041016,0.7189118266105651855,0.5753216147422790527
0.5509040355682373047,0.3588319718837738037,0.6623433828353881836,0.4903680086135864258
0.5881391167640686035,0.2956174612045288086,0.6990274190902709961,0.4345017969608306885
0.5262441635131835938,0.3445231318473815918,0.6318131685256958008,0.4964331388473510742
0.5666170120239257812,0.3880337476730346680,0.6467847824096679688,0.5063765048980712891
0.3567821681499481201,0.3336658477783203125,0.4431386590003967285,0.4787493944168090820
0.3868938386440277100,0.4388630986213684082,0.4910245835781097412,0.5644494295120239258
0.3946724534034729004,0.4085865020751953125,0.4942950010299682617,0.5473140478134155273
0.5913128256797790527,0.4361440837383270264,0.6769763231277465820,0.5664661526679992676
0.3784576654434204102,0.3543713092803955078,0.4924867749214172363,0.5251087546348571777
0.5451127290725708008,0.3078096508979797363,0.6623494029045104980,0.4398582875728607178
0.5060539841651916504,0.3752790689468383789,0.6244956851005554199,0.5059924721717834473
0.5420587062835693359,0.4342179298400878906,0.6555008888244628906,0.5650272965431213379
0.3683241605758666992,0.3710741400718688965,0.4753168523311614990,0.5356091260910034180
0.4462250173091888428,0.3206572830677032471,0.5411158800125122070,0.4826481938362121582
0.4098019599914550781,0.3099483549594879150,0.5265102386474609375,0.4554200768470764160
0.2602113187313079834,0.2812962532043457031,0.3780153393745422363,0.4544583857059478760
0.2862501740455627441,0.4412588775157928467,0.3886814415454864502,0.5924329161643981934
0.4438037872314453125,0.3185549080371856689,0.5475647449493408203,0.4933575093746185303
0.4683078527450561523,0.3985266089439392090,0.5738273262977600098,0.5726972222328186035
0.5652899146080017090,0.3735096454620361328,0.6688768863677978516,0.4980781972408294678
0.5272424817085266113,0.3181821107864379883,0.6075572967529296875,0.4516346454620361328
0.3996178805828094482,0.3600670099258422852,0.4914563596248626709,0.5185168981552124023
0.3417324721813201904,0.3334529697895050049,0.4200901985168457031,0.4631580412387847900
0.4589936733245849609,0.3758318424224853516,0.5534914135932922363,0.5101168751716613770
0.3198720812797546387,0.3748891353607177734,0.4244587123394012451,0.4985679388046264648
0.5919919610023498535,0.3825867474079132080,0.7033655047416687012,0.5168859958648681641
0.3568643927574157715,0.3874426782131195068,0.5097852945327758789,0.5529027581214904785
0.5715943574905395508,0.4262865483760833740,0.6818499565124511719,0.5495823621749877930
0.3972184360027313232,0.2749653756618499756,0.5322971343994140625,0.4225535690784454346
0.5785706639289855957,0.2875880002975463867,0.6878557801246643066,0.4482927322387695312
0.5816743969917297363,0.3684298992156982422,0.6774802803993225098,0.4897394776344299316
0.5151369571685791016,0.2613576948642730713,0.6228548884391784668,0.4304562509059906006
0.5237105488777160645,0.4316164553165435791,0.6088564395904541016,0.5661346316337585449
0.4260947108268737793,0.3610177934169769287,0.5726054906845092773,0.5411934852600097656
0.3493875861167907715,0.3584300875663757324,0.4273666441440582275,0.4874790608882904053
0.5319256782531738281,0.4277739524841308594,0.6613343954086303711,0.5851390361785888672
0.6020818948745727539,0.3999676704406738281,0.7268091440200805664,0.5650899410247802734
0.5368010401725769043,0.3974353671073913574,0.6566206216812133789,0.5577703118324279785
0.5240104794502258301,0.4089051485061645508,0.6225743889808654785,0.5546156764030456543
0.4460212886333465576,0.2665916383266448975,0.5495392680168151855,0.4328731298446655273
0.5259191393852233887,0.3540655374526977539,0.6191961765289306641,0.4799179732799530029
0.6043381094932556152,0.4012069702148437500,0.6932686567306518555,0.5395921468734741211
0.5731911063194274902,0.3472813069820404053,0.6604519486427307129,0.4965342879295349121
0.3889271020889282227,0.3432150781154632568,0.4831184446811676025,0.4941276609897613525
0.4634360671043395996,0.3796875476837158203,0.5692345499992370605,0.5218703746795654297
0.4320934712886810303,0.4061560332775115967,0.5434871912002563477,0.5606155991554260254
0.5001159906387329102,0.2977599501609802246,0.5959705710411071777,0.4461126923561096191
0.5835059881210327148,0.3794463276863098145,0.6768251657485961914,0.5152391791343688965
0.4646060764789581299,0.4144278168678283691,0.5675830841064453125,0.5865248441696166992
0.5608681440353393555,0.3944163620471954346,0.6435503363609313965,0.5218973159790039062
0.4425327181816101074,0.2664082944393157959,0.5466047525405883789,0.4257943034172058105
0.3070841729640960693,0.3474184274673461914,0.4373258054256439209,0.5284834504127502441
0.4197442233562469482,0.3655897378921508789,0.5278497934341430664,0.5003542900085449219
0.5929880142211914062,0.4381683766841888428,0.6724529862403869629,0.5595657825469970703
0.3908623158931732178,0.4332223236560821533,0.4878375530242919922,0.5863294005393981934
0.3660551905632019043,0.3143484890460968018,0.4678024351596832275,0.4725317656993865967
0.5490549802780151367,0.3228398263454437256,0.6345551609992980957,0.4571497440338134766
0.5581002235412597656,0.4309918880462646484,0.6395437121391296387,0.5666033625602722168
0.4210629165172576904,0.3734837770462036133,0.5573310852050781250,0.5407438874244689941
0.6281573772430419922,0.3895505070686340332,0.7346919178962707520,0.5755631923675537109
0.5169918537139892578,0.3557710051536560059,0.6206307411193847656,0.4823093414306640625
0.5672029852867126465,0.3897913694381713867,0.6570929288864135742,0.5371788740158081055
0.6085119843482971191,0.3951200544834136963,0.6994110941886901855,0.5510432720184326172
0.4326031208038330078,0.3424960076808929443,0.5460964441299438477,0.5089564919471740723
0.3618062436580657959,0.3965520858764648438,0.4910979270935058594,0.5553336739540100098
0.5461667180061340332,0.3156346678733825684,0.6223830580711364746,0.4460269808769226074
0.4110336005687713623,0.3785167634487152100,0.5156752467155456543,0.5052961111068725586
0.5774632692337036133,0.4218888580799102783,0.6628735661506652832,0.5715199112892150879
0.4600231051445007324,0.3878448307514190674,0.5566153526306152344,0.5259811282157897949
0.3607829213142395020,0.4017161726951599121,0.4901050031185150146,0.5575720667839050293
0.4424393177032470703,0.4366746544837951660,0.5223801732063293457,0.5706390142440795898
0.4982683062553405762,0.3101003766059875488,0.5900489091873168945,0.4516109228134155273
0.4366374313831329346,0.3493318557739257812,0.5155619978904724121,0.4722628891468048096
0.2784925699234008789,0.3475126028060913086,0.4115707576274871826,0.5066037774085998535
0.3779729604721069336,0.2779954373836517334,0.5273349881172180176,0.4480801522731781006
0.4828310310840606689,0.3024812936782836914,0.5848389863967895508,0.4743522703647613525
0.4588923156261444092,0.4023345708847045898,0.5475713610649108887,0.5464013218879699707
0.4600921869277954102,0.3228946328163146973,0.5629590153694152832,0.4583210349082946777
0.2895353138446807861,0.4381996989250183105,0.4204853773117065430,0.5900445580482482910
0.4508118927478790283,0.3392678797245025635,0.5354513525962829590,0.4605686664581298828
0.3795219361782073975,0.3176177442073822021,0.4960332214832305908,0.5064907073974609375
0.4605849683284759521,0.2925859689712524414,0.5836796164512634277,0.4400927722454071045
0.5968966484069824219,0.3086076378822326660,0.6931759119033813477,0.4510762989521026611
0.4781200587749481201,0.2730370163917541504,0.5862750411033630371,0.4407721757888793945
0.3962196707725524902,0.4137768745422363281,0.5098114609718322754,0.5510894060134887695
0.5217444300651550293,0.3998398482799530029,0.6099167466163635254,0.5288884639739990234
0.4953756332397460938,0.3746547400951385498,0.6065080165863037109,0.5012460350990295410
0.3601680099964141846,0.4035632312297821045,0.4782353937625885010,0.5511714816093444824
0.5908605456352233887,0.2977612316608428955,0.7365272045135498047,0.4734300971031188965
0.4108938276767730713,0.3964763879776000977,0.4973109066486358643,0.5362644195556640625
0.3604588508605957031,0.2945237457752227783,0.5000324845314025879,0.4432438611984252930
0.3418014645576477051,0.3637726008892059326,0.4296733140945434570,0.4897952079772949219
0.3070623278617858887,0.2976461350917816162,0.4224554002285003662,0.4442423880100250244
0.2841771543025970459,0.3475217223167419434,0.3844130039215087891,0.5152820944786071777
0.3469807803630828857,0.3993836641311645508,0.4845214188098907471,0.5723202228546142578
0.4091965854167938232,0.4062663614749908447,0.5424197316169738770,0.5605909824371337891
0.4810831546783447266,0.4137235879898071289,0.5725920200347900391,0.5484513044357299805
0.4992024004459381104,0.4016678333282470703,0.6221850514411926270,0.5696772933006286621
0.4898790419101715088,0.2674095034599304199,0.5929542183876037598,0.4377402067184448242
0.3633676171302795410,0.2973465621471405029,0.4693923890590667725,0.4642657041549682617
0.4982670843601226807,0.2998841106891632080,0.5924546122550964355,0.4476930201053619385
0.3598155975341796875,0.4031108617782592773,0.4500983357429504395,0.5365007519721984863
0.5799640417098999023,0.3490094542503356934,0.7127256989479064941,0.5260630846023559570
0.4070996940135955811,0.4081358313560485840,0.4927608072757720947,0.5347296595573425293
0.3352529406547546387,0.2902646660804748535,0.4550883173942565918,0.4287485182285308838
0.4578998088836669922,0.3843892216682434082,0.5825017690658569336,0.5582782030105590820
0.4655217230319976807,0.3822329342365264893,0.5709348320960998535,0.5554709434509277344
0.3549884259700775146,0.3086192607879638672,0.4678317010402679443,0.4625695347785949707
0.5443170666694641113,0.3888878524303436279,0.6249532699584960938,0.5108228325843811035
0.3829424977302551270,0.4070617258548736572,0.4833323359489440918,0.5551372766494750977
0.5918011069297790527,0.3700938820838928223,0.6879682540893554688,0.5187734365463256836
0.4954743385314941406,0.3857641816139221191,0.6306629180908203125,0.5370055437088012695
0.4036394357681274414,0.3032687008380889893,0.5120319128036499023,0.4355099797248840332
0.4693645834922790527,0.3964680433273315430,0.5843757390975952148,0.5366073250770568848
0.5722911953926086426,0.3158964514732360840,0.6814602017402648926,0.5027125477790832520
0.6000995039939880371,0.3468838632106781006,0.7005094885826110840,0.5084255933761596680
0.4709492325782775879,0.4229118525981903076,0.5593182444572448730,0.5567417740821838379
0.5826765894889831543,0.3550929427146911621,0.6988158226013183594,0.5209286212921142578
0.4752050638198852539,0.3562535941600799561,0.5593799352645874023,0.4955581724643707275
0.2806687951087951660,0.3979586064815521240,0.3911441564559936523,0.5674985647201538086
0.4511603415012359619,0.2807094454765319824,0.5667366981506347656,0.4531849622726440430
0.4171893596649169922,0.3355402946472167969,0.5060436725616455078,0.4655507206916809082
0.6147087812423706055,0.4267694950103759766,0.7200205922126770020,0.5787271857261657715
0.3324055075645446777,0.3928983509540557861,0.4246743917465209961,0.5397303700447082520
0.5975247621536254883,0.3718898594379425049,0.7051209807395935059,0.5440514087677001953
0.5686707496643066406,0.3387039601802825928,0.6506347060203552246,0.4785360097885131836
0.3837512433528900146,0.3173543512821197510,0.4998892843723297119,0.4852072894573211670
0.3408785760402679443,0.3159014880657196045,0.4540388286113739014,0.4887559413909912109
0.5161636471748352051,0.3579068779945373535,0.6538988351821899414,0.5221796035766601562
0.4018283188343048096,0.3108504712581634521,0.5125049948692321777,0.4391914308071136475
0.3247543871402740479,0.4448637068271636963,0.4362468719482421875,0.5820322632789611816
0.3134569227695465088,0.2773889899253845215,0.4167679548263549805,0.4291170239448547363
0.2850979566574096680,0.3063980937004089355,0.4062735438346862793,0.4708605706691741943
0.2917406260967254639,0.3312113285064697266,0.4414786398410797119,0.4913804531097412109
0.3270326852798461914,0.4123359322547912598,0.4498901963233947754,0.5786683559417724609
0.5773022770881652832,0.3377232551574707031,0.6761157512664794922,0.5089874863624572754
0.4072482287883758545,0.3970281481742858887,0.4883536696434020996,0.5271341204643249512
0.3585850000381469727,0.3899997770786285400,0.4559952020645141602,0.5536998510360717773
0.5278477668762207031,0.2997267842292785645,0.6359699964523315430,0.4479370713233947754
0.3071741163730621338,0.3088638186454772949,0.4043856859207153320,0.4614844024181365967
0.3492273390293121338,0.3894150555133819580,0.4433676302433013916,0.5521467328071594238
0.3538821041584014893,0.4106121957302093506,0.4485979676246643066,0.5729616880416870117
0.3392069041728973389,0.3258018493652343750,0.4381877779960632324,0.4821220338344573975
0.4632904827594757080,0.3378018736839294434,0.5566669702529907227,0.4716116786003112793
0.5851914882659912109,0.3220947086811065674,0.6812859773635864258,0.4789845645427703857
0.4482607543468475342,0.3477485775947570801,0.5530726313591003418,0.4774402976036071777
0.3626348078250885010,0.4372610151767730713,0.4535323083400726318,0.5696449875831604004
0.5813072323799133301,0.3551420867443084717,0.6765697002410888672,0.4924042820930480957
0.5154973864555358887,0.3888528943061828613,0.6174042224884033203,0.5195230841636657715
0.5656076073646545410,0.4197048842906951904,0.6727056503295898438,0.5548766255378723145
0.3286275565624237061,0.2647015452384948730,0.4437718391418457031,0.4375700950622558594
0.4631414413452148438,0.3848562240600585938,0.5704750418663024902,0.5651804804801940918
0.3594596982002258301,0.3100833892822265625,0.4523011147975921631,0.4718251228332519531
0.5052227973937988281,0.3587104082107543945,0.5798493623733520508,0.4791424870491027832
0.4213649034500122070,0.3870973587036132812,0.5147767066955566406,0.5217498540878295898
0.4901268184185028076,0.3348315358161926270,0.5797750353813171387,0.4701741933822631836
0.3526463508605957031,0.3205559551715850830,0.4348610937595367432,0.4528015851974487305
0.3662682473659515381,0.4056420028209686279,0.4743589460849761963,0.5903580784797668457
0.3264588117599487305,0.3815309405326843262,0.4325178861618041992,0.5014398694038391113
0.4538252055644989014,0.3476448655128479004,0.5675579309463500977,0.5348511934280395508
0.4070974886417388916,0.4348196089267730713,0.4904557168483734131,0.5777960419654846191
0.3429161906242370605,0.3935312032699584961,0.4676134884357452393,0.5414397120475769043
0.3185095489025115967,0.4275895059108734131,0.4191652536392211914,0.5696012377738952637
0.3999466896057128906,0.4363430440425872803,0.5093914866447448730,0.5800940990447998047
0.4252994656562805176,0.3722076117992401123,0.5397946238517761230,0.4965478479862213135
0.2870251536369323730,0.2994653880596160889,0.3936109840869903564,0.4797286391258239746
0.4118734598159790039,0.4312904775142669678,0.4886182546615600586,0.5524060130119323730
0.5819866061210632324,0.3550779223442077637,0.6770170927047729492,0.4928225278854370117
0.4275540113449096680,0.3248130679130554199,0.5120683908462524414,0.4708125591278076172
0.2834794223308563232,0.3034797608852386475,0.4076575338840484619,0.4531807303428649902
0.4874982535839080811,0.3146567344665527344,0.5989377498626708984,0.4396982491016387939
0.5191019177436828613,0.2579086124897003174,0.6643782854080200195,0.4341308474540710449
0.5624369382858276367,0.3416206836700439453,0.6502062082290649414,0.4685024023056030273
0.5091637372970581055,0.3915885984897613525,0.5959405303001403809,0.5098362565040588379
0.5162848234176635742,0.3717677593231201172,0.6341245174407958984,0.5201087594032287598
0.4729906320571899414,0.3513642847537994385,0.5790736079216003418,0.5047647356986999512
0.5824803113937377930,0.3346344530582427979,0.6820278763771057129,0.4878567755222320557
0.4862550497055053711,0.4005261957645416260,0.5923008322715759277,0.5600705742835998535
0.4190435409545898438,0.3138731420040130615,0.5330604910850524902,0.4570765793323516846
0.4617197215557098389,0.3971600234508514404,0.5433164834976196289,0.5264865159988403320
0.3710485398769378662,0.2820879817008972168,0.4936579465866088867,0.4511861801147460938
0.4059381484985351562,0.3733529448509216309,0.5183014273643493652,0.5533726215362548828
0.4115994870662689209,0.3956227600574493408,0.5319841504096984863,0.5420258641242980957
0.4435689747333526611,0.3857302069664001465,0.5185686945915222168,0.5092068314552307129
0.4901791512966156006,0.3950295448303222656,0.5767664909362792969,0.5220882892608642578
0.5163998007774353027,0.3172771930694580078,0.6099707484245300293,0.4581923186779022217
0.5468863844871520996,0.3431891500949859619,0.6989063024520874023,0.5161925554275512695
0.5274766087532043457,0.4441343843936920166,0.6111725568771362305,0.5790425539016723633
0.5579544305801391602,0.4171306490898132324,0.6712903380393981934,0.5846809744834899902
0.4466994106769561768,0.3349424898624420166,0.5574001669883728027,0.4669854044914245605
0.3231787979602813721,0.4431391358375549316,0.4133227467536926270,0.5914480090141296387
0.2954197525978088379,0.3897585570812225342,0.4228569865226745605,0.5281408429145812988
0.5713816881179809570,0.3309568762779235840,0.6680717468261718750,0.4541638195514678955
0.4829365313053131104,0.4030198454856872559,0.5951817035675048828,0.5874494910240173340
0.4830339848995208740,0.3521021604537963867,0.5608959197998046875,0.4818642139434814453
0.3358903825283050537,0.3569082021713256836,0.4453243613243103027,0.5298899412155151367
0.4802422821521759033,0.4158193767070770264,0.5864929556846618652,0.5359708070755004883
0.5428245663642883301,0.4083916246891021729,0.6498935222625732422,0.5553829669952392578
0.5559936165809631348,0.3465025126934051514,0.6922871470451354980,0.5121166706085205078
0.3411222398281097412,0.3635568916797637939,0.4538799524307250977,0.5356514453887939453
0.3242123425006866455,0.3697026669979095459,0.4210483133792877197,0.5102254748344421387
0.5178341865539550781,0.3861721158027648926,0.6008927822113037109,0.5204952359199523926
0.3820478916168212891,0.2899270057678222656,0.5141910910606384277,0.4443714320659637451
0.5482778549194335938,0.3511022031307220459,0.6722050905227661133,0.5200271010398864746
0.3852999210357666016,0.4166222810745239258,0.4754343628883361816,0.5437481999397277832
0.5446773767471313477,0.3892633616924285889,0.6367311477661132812,0.5408634543418884277
0.5946477651596069336,0.4241167604923248291,0.6869577169418334961,0.5717261433601379395
0.3886260986328125000,0.3891686201095581055,0.4859623610973358154,0.5358557105064392090
0.4196320176124572754,0.3594518899917602539,0.5261994004249572754,0.5304769277572631836
0.3171501159667968750,0.3694595396518707275,0.4189706444740295410,0.5197463035583496094
0.3239689171314239502,0.3525284826755523682,0.4363236427307128906,0.4768860638141632080
0.2837240993976593018,0.3822191059589385986,0.4153925180435180664,0.5411533713340759277
0.5808347463607788086,0.3606004416942596436,0.6619626283645629883,0.4796605706214904785
0.4983810186386108398,0.3034911453723907471,0.5928910970687866211,0.4610090553760528564
0.5772958993911743164,0.4200966060161590576,0.6534122824668884277,0.5448874235153198242
0.6119318604469299316,0.4269497096538543701,0.7014259696006774902,0.5803036689758300781
0.5802823901176452637,0.4304735362529754639,0.6629714965820312500,0.5534722208976745605
0.4459006190299987793,0.3208419382572174072,0.5525689721107482910,0.4662950336933135986
0.4792735278606414795,0.2981244921684265137,0.5648421645164489746,0.4260567426681518555
0.4361967444419860840,0.4036521315574645996,0.5207493305206298828,0.5264955163002014160
0.3358784914016723633,0.2886248826980590820,0.4371820986270904541,0.4446056783199310303
0.3491506278514862061,0.3019706606864929199,0.4322212934494018555,0.4444634616374969482
0.4781029224395751953,0.3304035365581512451,0.5615817308425903320,0.4668421745300292969
0.3357964158058166504,0.3844840228557586670,0.4466858804225921631,0.5731931328773498535
0.4970754683017730713,0.3803395032882690430,0.5732818841934204102,0.5102105736732482910
0.4508883655071258545,0.3836978971958160400,0.5640137195587158203,0.5699809789657592773
0.5428590178489685059,0.3833244740962982178,0.6396746039390563965,0.5269980430603027344
0.5443915724754333496,0.3613810837268829346,0.6315623521804809570,0.4789862632751464844
0.3265866637229919434,0.4012072682380676270,0.4288579821586608887,0.5793306827545166016
0.4230273365974426270,0.2921271920204162598,0.5168682336807250977,0.4320842623710632324
0.5042654275894165039,0.4175588190555572510,0.5952048301696777344,0.5513078570365905762
0.2731684446334838867,0.3272069990634918213,0.4011987149715423584,0.4772484898567199707
0.3051348328590393066,0.3829975724220275879,0.4437208771705627441,0.5626733303070068359
0.4516126513481140137,0.3875186443328857422,0.5336540341377258301,0.5062969326972961426
0.4296556413173675537,0.3514860868453979492,0.5323780179023742676,0.5029777288436889648
0.4433938860893249512,0.3909434974193572998,0.5300704836845397949,0.5291622877120971680
0.2993532121181488037,0.3015891313552856445,0.4012489318847656250,0.4407500922679901123
0.4702003598213195801,0.4025332629680633545,0.5784947872161865234,0.5185257792472839355
0.4562974572181701660,0.3243989944458007812,0.5480173826217651367,0.4619876146316528320
0.4227961897850036621,0.4400771558284759521,0.5060480237007141113,0.5816124081611633301
0.5271685719490051270,0.3771048188209533691,0.6283140778541564941,0.5213356614112854004
0.4014692008495330811,0.3415105342864990234,0.4806619882583618164,0.4635279476642608643
0.4881607592105865479,0.3902551829814910889,0.5822006464004516602,0.5315468311309814453
0.5252307653427124023,0.3258746564388275146,0.6330212950706481934,0.4555967450141906738
0.3898570239543914795,0.4174932837486267090,0.4727586805820465088,0.5456241965293884277
0.3613872230052947998,0.3088555037975311279,0.4680679142475128174,0.4486364722251892090
0.4549013674259185791,0.3201407790184020996,0.5431693792343139648,0.4504798948764801025
0.5306822061538696289,0.3285681307315826416,0.6168653368949890137,0.4678098261356353760
0.4174299240112304688,0.2932858169078826904,0.5276997685432434082,0.4632753133773803711
0.3470066487789154053,0.3748968839645385742,0.4509925842285156250,0.5426285862922668457
0.4793120026588439941,0.3087905347347259521,0.5845584869384765625,0.4558741450309753418
0.4460475742816925049,0.3686492443084716797,0.5751132369041442871,0.5239020586013793945
0.4614606201648712158,0.3524154722690582275,0.5394960045814514160,0.4790699779987335205
0.4775490760803222656,0.3460826277732849121,0.5915285944938659668,0.5079673528671264648
0.3512597680091857910,0.4028270542621612549,0.4776777923107147217,0.5891928672790527344
0.5013629794120788574,0.3984091877937316895,0.5980539321899414062,0.5505666732788085938
0.5656536221504211426,0.3325931429862976074,0.6897016167640686035,0.5049990415573120117
0.4223582148551940918,0.4149875938892364502,0.5108053088188171387,0.5507401227951049805
0.2847303748130798340,0.3473132848739624023,0.4101795554161071777,0.4883815050125122070
0.4894109964370727539,0.4294521510601043701,0.5940749645233154297,0.5531253814697265625
0.5223249793052673340,0.2952572405338287354,0.6442039012908935547,0.4426325857639312744
0.3001287281513214111,0.4303832054138183594,0.4014805257320404053,0.5898815393447875977
0.5464349985122680664,0.3339215219020843506,0.6555217504501342773,0.4978742003440856934
0.4205682575702667236,0.4464066624641418457,0.5071618556976318359,0.5718219280242919922
0.3877587616443634033,0.4223825931549072266,0.4826342761516571045,0.5754850506782531738
0.5697347521781921387,0.3542901277542114258,0.6625177264213562012,0.5117631554603576660
0.4205867052078247070,0.2651415765285491943,0.5328811407089233398,0.4422807395458221436
0.3262701034545898438,0.3576973974704742432,0.4218863248825073242,0.5206100344657897949
0.5973620414733886719,0.3606740534305572510,0.6729962229728698730,0.4744995832443237305
0.3366456925868988037,0.3439554870128631592,0.4248501956462860107,0.4814382791519165039
0.3176379501819610596,0.4205385446548461914,0.4268203973770141602,0.5707144141197204590
0.3154622614383697510,0.4330883026123046875,0.4105043113231658936,0.5807877182960510254
0.3474463820457458496,0.4226803481578826904,0.4579318761825561523,0.5623106360435485840
0.3036329448223114014,0.4045931398868560791,0.4559371471405029297,0.5739657878875732422
0.4253380298614501953,0.3973071575164794922,0.4993360042572021484,0.5251038670539855957
0.5498904585838317871,0.3145124316215515137,0.6649051308631896973,0.4455803632736206055
0.4059692919254302979,0.3903022706508636475,0.5502199530601501465,0.5632689595222473145
0.3013746142387390137,0.4280999898910522461,0.4053090810775756836,0.5584679841995239258
0.3586346805095672607,0.3737724423408508301,0.4452315568923950195,0.4972999989986419678
0.5164703130722045898,0.4027793109416961670,0.6218103766441345215,0.5832027792930603027
0.4258463084697723389,0.3874843716621398926,0.5104402303695678711,0.5073217749595642090
0.4237355291843414307,0.3800933659076690674,0.5178583860397338867,0.5181254744529724121
0.4261131584644317627,0.3951280415058135986,0.5273401737213134766,0.5469643473625183105
0.3828109800815582275,0.3142251074314117432,0.4715133905410766602,0.4325407147407531738
0.3107364177703857422,0.2943528592586517334,0.4205115735530853271,0.4494640827178955078
0.4186409115791320801,0.4492735564708709717,0.5127213001251220703,0.5660318732261657715
0.4429895579814910889,0.4219549596309661865,0.5193482637405395508,0.5495288968086242676
0.6096934676170349121,0.2476388663053512573,0.7614232301712036133,0.4306727051734924316
0.3710670173168182373,0.3266442716121673584,0.4775235056877136230,0.5096333026885986328
0.4674468934535980225,0.4216288626194000244,0.5523629784584045410,0.5486236214637756348
0.4648268818855285645,0.3508937358856201172,0.5742592811584472656,0.4826574325561523438
0.3832150995731353760,0.3062039315700531006,0.4710202217102050781,0.4292469620704650879
0.3232544362545013428,0.2571094036102294922,0.4334178864955902100,0.4294810295104980469
0.5257292985916137695,0.3049245476722717285,0.6316243410110473633,0.4664136171340942383
0.4727601110935211182,0.4133724868297576904,0.5864120125770568848,0.5514234304428100586
0.4447679221630096436,0.3827626109123229980,0.5501148700714111328,0.5372467041015625000
0.5346070528030395508,0.3372532129287719727,0.6503593325614929199,0.5092165470123291016
0.3423428535461425781,0.3487070798873901367,0.4379309117794036865,0.4941208064556121826
0.3556512594223022461,0.3284337818622589111,0.4303106963634490967,0.4458343982696533203
0.3396788537502288818,0.4128627479076385498,0.4265446960926055908,0.5493650436401367188
0.4671308100223541260,0.3932670354843139648,0.5607299804687500000,0.5328432917594909668
0.3806124925613403320,0.4253137707710266113,0.4647184014320373535,0.5589911341667175293
0.5154824852943420410,0.4441094100475311279,0.6238161325454711914,0.5727298855781555176
0.5279639363288879395,0.3733609914779663086,0.6349092721939086914,0.5574205517768859863
0.4297791123390197754,0.3778907656669616699,0.5181136727333068848,0.5116190314292907715
0.5563967227935791016,0.3254278302192687988,0.6977246999740600586,0.5034126639366149902
0.5700088739395141602,0.2626201510429382324,0.6846242547035217285,0.4455517232418060303
0.4008407890796661377,0.4014399349689483643,0.5239280462265014648,0.5487092733383178711
0.3589833676815032959,0.3192645311355590820,0.4613960385322570801,0.4412753283977508545
0.4803579747676849365,0.3925350308418273926,0.5955825448036193848,0.5280904173851013184
0.3278234004974365234,0.4299251139163970947,0.4439277350902557373,0.5864839553833007812
0.4488830268383026123,0.3060785233974456787,0.5798537135124206543,0.4577896595001220703
0.4227523207664489746,0.2481384724378585815,0.5295202136039733887,0.4216870665550231934
0.3414763808250427246,0.3503609597682952881,0.4219473600387573242,0.4821290969848632812
0.5040463209152221680,0.3079043626785278320,0.6049180030822753906,0.4779781699180603027
0.4053088426589965820,0.2999215424060821533,0.5176806449890136719,0.4711296558380126953
0.4229423999786376953,0.3903824985027313232,0.5294910073280334473,0.5424123406410217285
0.4363436400890350342,0.4374527633190155029,0.5129348039627075195,0.5666713118553161621
0.3373098075389862061,0.3638336956501007080,0.4311169683933258057,0.5065954327583312988
0.3764425218105316162,0.3907520771026611328,0.4739318490028381348,0.5474491119384765625
0.5474460124969482422,0.3237991631031036377,0.6550201177597045898,0.4819652736186981201
0.4549434781074523926,0.2994541227817535400,0.5629566311836242676,0.4427264034748077393
0.5864707827568054199,0.3808156549930572510,0.6711061000823974609,0.5076529383659362793
0.3310752213001251221,0.3862581551074981689,0.4288050234317779541,0.5524476170539855957
0.4750152230262756348,0.3825958371162414551,0.5888460278511047363,0.5151657462120056152
0.3504147529602050781,0.4160203039646148682,0.4526853561401367188,0.5915446877479553223
0.4251175224781036377,0.3389499187469482422,0.5627725124359130859,0.5060044527053833008
0.2709155976772308350,0.2632411718368530273,0.4014030098915100098,0.4229204654693603516
0.3814860582351684570,0.2423751503229141235,0.4876875877380371094,0.4093530476093292236
0.5351708531379699707,0.3558932542800903320,0.6569330096244812012,0.4935181140899658203
0.4019335210323333740,0.4057987034320831299,0.4813519716262817383,0.5321602821350097656
0.3022153675556182861,0.2767535150051116943,0.4129930734634399414,0.4188154637813568115
0.5484769940376281738,0.2624729871749877930,0.6485679745674133301,0.4304353892803192139
0.4120509326457977295,0.2673084437847137451,0.5407962799072265625,0.4206579327583312988
0.2913746833801269531,0.3331750333309173584,0.4052346050739288330,0.5013071298599243164
0.4340816736221313477,0.3772049248218536377,0.5329868197441101074,0.5112215876579284668
0.5341995358467102051,0.4509491324424743652,0.6337236762046813965,0.5778581500053405762
0.5768407583236694336,0.4329433441162109375,0.6698975563049316406,0.5730034112930297852
0.4167359471321105957,0.3292954564094543457,0.5252327919006347656,0.4990840852260589600
0.5174933075904846191,0.3901818990707397461,0.5961245894432067871,0.5247616171836853027
0.3968125283718109131,0.4140735566616058350,0.4802770018577575684,0.5557437539100646973
0.5837147235870361328,0.3062307536602020264,0.6958281397819519043,0.4805566370487213135
0.3684056997299194336,0.3235990107059478760,0.4614043831825256348,0.4696139991283416748
0.5888403058052062988,0.3517507016658782959,0.7084216475486755371,0.5233245491981506348
0.6216260194778442383,0.4230406880378723145,0.7350559234619140625,0.5942988991737365723
0.5637956261634826660,0.3451119959354400635,0.6539545655250549316,0.4829860925674438477
0.4925217032432556152,0.4012396633625030518,0.6011011004447937012,0.5598080754280090332
0.3647963404655456543,0.4331904947757720947,0.4818209409713745117,0.5742927789688110352
0.3989461660385131836,0.4036811888217926025,0.5153546929359436035,0.5436391830444335938
0.3863579928874969482,0.3082009553909301758,0.4770141541957855225,0.4505817294120788574
0.3601009249687194824,0.3924004733562469482,0.4501036703586578369,0.5265774726867675781
0.2607456147670745850,0.4008083343505859375,0.3716110289096832275,0.5889475345611572266
0.5206499695777893066,0.3276887536048889160,0.6139627695083618164,0.4694044888019561768
0.3284237384796142578,0.4423230290412902832,0.4239822924137115479,0.5790641903877258301
0.4770811200141906738,0.3179620504379272461,0.5883251428604125977,0.4640108644962310791
0.3415342271327972412,0.4129208922386169434,0.4277322888374328613,0.5447250604629516602
0.5825728774070739746,0.3960618972778320312,0.6844804883003234863,0.5642841458320617676
0.3315202593803405762,0.4360774159431457520,0.4232868254184722900,0.5697667598724365234
0.4198528826236724854,0.3186326324939727783,0.5335648655891418457,0.4552046954631805420
0.4296830594539642334,0.3462728857994079590,0.5202726721763610840,0.4705598056316375732
0.5420520305633544922,0.3241910636425018311,0.6470006108283996582,0.4533370137214660645
0.3324677944183349609,0.3292501568794250488,0.4307403862476348877,0.4711078703403472900
0.5945435762405395508,0.4137534201145172119,0.6755045652389526367,0.5401879549026489258
0.5867049694061279297,0.4446963071823120117,0.6681107878684997559,0.5665183663368225098
0.4510543048381805420,0.3838884830474853516,0.5627247691154479980,0.5341781973838806152
0.5598189234733581543,0.3073662221431732178,0.6746349930763244629,0.4735599756240844727
0.2896988689899444580,0.4297613203525543213,0.3985902369022369385,0.5962477922439575195
0.5977182984352111816,0.3192409276962280273,0.6863125562667846680,0.4547577202320098877
0.6145821213722229004,0.3785778880119323730,0.7646037936210632324,0.5524435043334960938
0.3941550254821777344,0.3805326521396636963,0.4987540841102600098,0.5201831459999084473
0.4077347517013549805,0.3240803778171539307,0.5239791870117187500,0.4616371989250183105
0.3123560845851898193,0.2686647176742553711,0.4537869095802307129,0.4252695143222808838
0.5398627519607543945,0.3500808775424957275,0.6314172148704528809,0.4843491017818450928
0.4310725331306457520,0.3731587529182434082,0.5260590314865112305,0.4995220899581909180
0.5576890110969543457,0.3602101802825927734,0.6592497825622558594,0.4749083220958709717
0.4941794872283935547,0.3284186720848083496,0.5824887156486511230,0.4797302186489105225
0.3376833498477935791,0.4072350561618804932,0.4475604891777038574,0.5235797762870788574
0.3940550386905670166,0.3064410686492919922,0.4957572519779205322,0.4689443707466125488
0.3584776818752288818,0.3964078426361083984,0.4440667331218719482,0.5352004170417785645
0.6006556153297424316,0.3054501414299011230,0.6805275082588195801,0.4314756095409393311
0.3349136710166931152,0.3897152841091156006,0.4453549981117248535,0.5610136389732360840
0.4533759951591491699,0.3001995384693145752,0.5382549762725830078,0.4400846064090728760
0.3900978565216064453,0.3879233300685882568,0.4801929891109466553,0.5239203572273254395
0.5044711232185363770,0.2496544271707534790,0.6490005850791931152,0.4212011098861694336
0.4251742362976074219,0.3546947836875915527,0.5741667747497558594,0.5385168194770812988
0.5201762318611145020,0.4172344207763671875,0.6316556930541992188,0.5447624325752258301
0.3744910657405853271,0.2664776146411895752,0.4994522631168365479,0.4322090148925781250
0.4602627158164978027,0.3423303663730621338,0.5491330027580261230,0.4666171371936798096
0.5668644905090332031,0.2963486313819885254,0.7092213034629821777,0.4672736525535583496
0.5600181221961975098,0.3023464381694793701,0.6624504923820495605,0.4708710908889770508
0.5680878758430480957,0.3951394855976104736,0.6769527196884155273,0.5374727249145507812
0.3646163642406463623,0.3791288137435913086,0.4419846534729003906,0.5070087909698486328
0.4797990024089813232,0.3353993892669677734,0.5898225307464599609,0.5068522691726684570
0.5913565158843994141,0.4435069561004638672,0.6819193363189697266,0.5678257942199707031
0.3197548091411590576,0.3502211272716522217,0.4275393784046173096,0.4852252006530761719
0.5637503862380981445,0.4063030183315277100,0.6968950629234313965,0.5480663180351257324
0.4105239212512969971,0.3281393945217132568,0.5194541811943054199,0.4863102436065673828
0.5070701837539672852,0.3560132980346679688,0.5955139994621276855,0.4834608733654022217
0.5830469727516174316,0.3486648201942443848,0.6600424647331237793,0.4678555727005004883
0.4238932132720947266,0.2797819375991821289,0.5566702485084533691,0.4635600447654724121
0.3863765001296997070,0.2989611625671386719,0.5084017515182495117,0.4373661875724792480
0.5024274587631225586,0.4317583441734313965,0.5854394435882568359,0.5653576850891113281
0.3619678020477294922,0.4179940223693847656,0.4492605030536651611,0.5416753292083740234
0.4499684870243072510,0.3101123273372650146,0.5326476097106933594,0.4443114399909973145
0.4865497350692749023,0.4260178804397583008,0.5708783268928527832,0.5490870475769042969
0.3197178244590759277,0.3668233752250671387,0.4104523956775665283,0.5247800350189208984
0.4973131716251373291,0.3208333253860473633,0.5784275531768798828,0.4482433199882507324
0.4604230821132659912,0.4033205509185791016,0.5676040053367614746,0.5762058496475219727
0.5012756586074829102,0.3237743377685546875,0.6236372590065002441,0.4746673703193664551
0.4053699374198913574,0.3567656278610229492,0.4896055757999420166,0.4868596494197845459
0.4562141895294189453,0.3284658789634704590,0.5377786755561828613,0.4645622074604034424
0.4181492626667022705,0.3724068701267242432,0.5198874473571777344,0.5454862713813781738
0.4832090437412261963,0.3467557728290557861,0.5759109258651733398,0.4844096899032592773
0.4580963850021362305,0.4114063680171966553,0.5801048874855041504,0.5539548397064208984
0.5427527427673339844,0.4210473597049713135,0.6482018828392028809,0.5530205965042114258
0.4663710296154022217,0.4169839620590209961,0.5950289964675903320,0.5814176201820373535
0.4821506738662719727,0.3937557637691497803,0.5990107059478759766,0.5547063946723937988
0.5914926528930664062,0.3747650980949401855,0.6745676398277282715,0.4965158402919769287
0.5868078470230102539,0.3380814492702484131,0.6740264296531677246,0.4826501309871673584
0.3278252184391021729,0.3629629611968994141,0.4413700103759765625,0.4876148998737335205
0.5130459666252136230,0.4246753156185150146,0.6117257475852966309,0.5652801394462585449
0.5804443359375000000,0.3498597145080566406,0.6862376928329467773,0.5044444799423217773
0.6020218729972839355,0.4155525267124176025,0.6941472887992858887,0.5508630871772766113
0.4866118133068084717,0.4068571925163269043,0.5712642669677734375,0.5512515902519226074
0.4899436533451080322,0.3719047605991363525,0.5789759159088134766,0.4964449405670166016
0.4807306528091430664,0.3959945738315582275,0.5784208774566650391,0.5451216101646423340
0.5147305130958557129,0.3591908216476440430,0.6314045190811157227,0.4850986301898956299
0.5953796505928039551,0.4401797652244567871,0.6806021332740783691,0.5853928327560424805
0.2709927558898925781,0.3827120363712310791,0.3806740045547485352,0.5264113545417785645
0.5008548498153686523,0.4215426445007324219,0.6290854215621948242,0.5943809151649475098
0.2625510990619659424,0.3708342909812927246,0.3984416127204895020,0.5248925685882568359
0.4216421246528625488,0.3128348886966705322,0.5343115329742431641,0.4525072276592254639
0.5959909558296203613,0.3821521103382110596,0.6761917471885681152,0.5041264891624450684
0.3840442895889282227,0.3601185679435729980,0.4809125959873199463,0.5007693767547607422
0.2707657516002655029,0.3848249316215515137,0.4039682149887084961,0.5585632920265197754
0.5141348242759704590,0.3268317878246307373,0.6421219110488891602,0.4776802957057952881
0.5361978411674499512,0.3437963128089904785,0.6390475034713745117,0.4618105888366699219
0.3936045467853546143,0.2997757196426391602,0.4880742728710174561,0.4414221942424774170
0.4135580658912658691,0.3341508805751800537,0.5272850990295410156,0.4660306572914123535
0.3482013642787933350,0.4102500677108764648,0.4308788478374481201,0.5354132056236267090
0.3308503329753875732,0.3768285214900970459,0.4073074758052825928,0.4948296844959259033
0.5346450805664062500,0.4127167761325836182,0.6289016604423522949,0.5572571754455566406
0.6312111020088195801,0.3675171732902526855,0.7434917688369750977,0.5322755575180053711
0.3223010003566741943,0.3756415843963623047,0.4216177463531494141,0.5309441089630126953
0.4446629285812377930,0.3480382263660430908,0.5309630632400512695,0.4854669868946075439
0.4402805566787719727,0.3313446640968322754,0.5621746778488159180,0.4754467308521270752
0.5925762057304382324,0.3985467255115509033,0.7321320176124572754,0.5608060956001281738
0.3820630609989166260,0.3634982109069824219,0.4713849723339080811,0.4934289753437042236
0.3739186823368072510,0.3131560385227203369,0.5175957679748535156,0.4909366667270660400
0.2937027215957641602,0.3627093732357025146,0.4146986007690429688,0.5013831853866577148
0.4655002355575561523,0.4158731997013092041,0.5440647602081298828,0.5359812974929809570
0.4421773552894592285,0.3661784529685974121,0.5304158329963684082,0.4851405322551727295
0.4421863555908203125,0.3538700640201568604,0.5348608493804931641,0.4735832512378692627
0.3735193610191345215,0.4175010621547698975,0.5034583210945129395,0.5820994973182678223
0.5991382598876953125,0.4393586218357086182,0.6800355911254882812,0.5724288225173950195
0.3900493681430816650,0.3370396494865417480,0.5083189010620117188,0.5242849588394165039
0.2833084464073181152,0.3398464024066925049,0.3826061785221099854,0.4932657480239868164
0.5252931118011474609,0.3230147659778594971,0.6128421425819396973,0.4578995704650878906
0.4331605136394500732,0.3727217912673950195,0.5172470808029174805,0.4948816895484924316
0.3298271894454956055,0.4238834679126739502,0.4521640241146087646,0.5702598094940185547
0.2774940729141235352,0.4155962169170379639,0.3934211730957031250,0.5882014036178588867
0.4078053236007690430,0.4189916551113128662,0.5057898163795471191,0.5529551506042480469
0.3460453450679779053,0.2987029254436492920,0.4441152513027191162,0.4638245105743408203
0.4835400879383087158,0.3638174831867218018,0.6036152839660644531,0.5094888210296630859
0.3992891609668731689,0.3425175249576568604,0.4988178014755249023,0.4881747364997863770
0.3315746188163757324,0.3779690265655517578,0.4098091423511505127,0.5001168847084045410
0.5302547216415405273,0.4156604111194610596,0.6277487277984619141,0.5595794320106506348
0.3294526934623718262,0.4080422520637512207,0.4194174408912658691,0.5481207370758056641
0.5698809623718261719,0.4022232890129089355,0.6513453125953674316,0.5337319374084472656
0.4382379055023193359,0.3522888720035552979,0.5185099840164184570,0.4811230301856994629
0.5195235610008239746,0.4124061167240142822,0.6316390633583068848,0.5375730395317077637
0.4131498634815216064,0.3985816538333892822,0.5356287360191345215,0.5434210300445556641
0.5636766552925109863,0.3814283013343811035,0.6772292852401733398,0.5128278732299804688
0.3725790381431579590,0.4233599603176116943,0.4881215393543243408,0.5620523691177368164
0.4493658542633056641,0.4471491277217864990,0.5279905796051025391,0.5730972886085510254
0.3695711195468902588,0.3540330529212951660,0.4786215424537658691,0.4832037091255187988
0.5839007496833801270,0.4190643131732940674,0.6816627383232116699,0.5766402482986450195
0.3706809282302856445,0.3228150010108947754,0.4544895291328430176,0.4499923586845397949
0.3898578882217407227,0.4100096225738525391,0.4676075875759124756,0.5293748378753662109
0.4114895462989807129,0.3894826471805572510,0.4945650100708007812,0.5164248943328857422
0.5791149735450744629,0.3713431358337402344,0.7148061394691467285,0.5386084318161010742
0.3791382014751434326,0.3719791471958160400,0.4644450843334197998,0.5003913640975952148
0.4636446535587310791,0.3241893649101257324,0.5786929726600646973,0.4618957638740539551
0.5094971060752868652,0.4407700300216674805,0.5830764770507812500,0.5570716857910156250
0.3360643684864044189,0.4136616587638854980,0.4219830036163330078,0.5447204709053039551
0.4179132878780364990,0.4369314014911651611,0.5017008185386657715,0.5652905106544494629
0.5662051439285278320,0.3565920293331146240,0.7208725214004516602,0.5296694636344909668
0.3351335823535919189,0.3660606443881988525,0.4389444589614868164,0.5267011523246765137
0.5908282399177551270,0.4019054472446441650,0.7123544216156005859,0.5436908602714538574
0.3236356079578399658,0.4221781492233276367,0.4194184839725494385,0.5703479647636413574
0.3641155064105987549,0.3766188323497772217,0.4678902029991149902,0.4946208298206329346
0.6150873303413391113,0.3280926942825317383,0.7142109274864196777,0.4814280569553375244
0.2680712640285491943,0.3024477958679199219,0.3871444165706634521,0.4903734326362609863
0.3392202854156494141,0.3558786809444427490,0.4809369444847106934,0.5183231234550476074
0.4290715456008911133,0.3811913132667541504,0.5221651196479797363,0.5076956748962402344
0.5235589146614074707,0.4003298282623291016,0.6255314946174621582,0.5391957759857177734
0.3231987357139587402,0.4321953654289245605,0.4345317482948303223,0.5793009400367736816
0.3504649102687835693,0.3752378523349761963,0.4663203954696655273,0.5109104514122009277
0.4121188819408416748,0.4058085381984710693,0.4974872171878814697,0.5357490181922912598
0.4883842468261718750,0.3766338229179382324,0.5933579206466674805,0.4967466890811920166
0.3853254914283752441,0.3485714793205261230,0.4834461510181427002,0.4990306496620178223
0.5492377877235412598,0.2911469340324401855,0.6701811552047729492,0.4649184048175811768
0.3523313105106353760,0.3121096193790435791,0.4752473831176757812,0.4562845528125762939
0.4453455507755279541,0.3218831121921539307,0.5361880660057067871,0.4774267673492431641
0.5600794553756713867,0.3321795165538787842,0.6406841278076171875,0.4502262175083160400
0.4631214737892150879,0.3642728030681610107,0.5916907191276550293,0.5244261622428894043
0.4495463669300079346,0.3078089952468872070,0.5845233201980590820,0.4647983014583587646
0.5339376926422119141,0.2952923178672790527,0.6689296364784240723,0.4374097287654876709
0.4160710275173187256,0.2960273027420043945,0.5283014178276062012,0.4614219069480895996
0.3193559646606445312,0.3662334084510803223,0.4277379512786865234,0.4849999248981475830
0.3421889543533325195,0.3362871706485748291,0.4272660017013549805,0.4825888872146606445
0.3526643216609954834,0.3803086578845977783,0.4614023864269256592,0.5515237450599670410
0.3610607683658599854,0.3281093239784240723,0.4726109206676483154,0.5001148581504821777
0.5171368122100830078,0.3575253188610076904,0.6150787472724914551,0.5044916868209838867
0.3608822822570800781,0.3825669586658477783,0.4481578469276428223,0.5075561404228210449
0.3596005439758300781,0.2932530641555786133,0.4612860977649688721,0.4635927677154541016
0.4940852224826812744,0.4214075803756713867,0.6069923043251037598,0.6004203557968139648
0.4881706535816192627,0.3806472420692443848,0.5770968198776245117,0.5206814408302307129
0.4846950471401214600,0.2857700884342193604,0.5757648348808288574,0.4433455765247344971
0.4221393465995788574,0.3325317800045013428,0.5338985323905944824,0.5125070810317993164
0.5564625859260559082,0.3001878261566162109,0.6621314287185668945,0.4794608056545257568
0.5983635187149047852,0.3257564008235931396,0.6925739645957946777,0.4714640378952026367
0.4591403007507324219,0.3385850489139556885,0.5546631217002868652,0.4638240635395050049
0.3444425165653228760,0.4055251181125640869,0.4416109025478363037,0.5471514463424682617
0.5333721041679382324,0.3561225235462188721,0.6135105490684509277,0.4891589581966400146
0.4829424321651458740,0.4032920897006988525,0.5706401467323303223,0.5308543443679809570
0.4986247718334197998,0.3411193788051605225,0.6148355603218078613,0.4849514663219451904
0.5791619420051574707,0.3518109917640686035,0.6527945995330810547,0.4668229222297668457
0.4627170264720916748,0.3564645349979400635,0.5454123020172119141,0.4895439445972442627
0.2708213925361633301,0.2855842411518096924,0.3802568912506103516,0.4306919872760772705
0.3028168678283691406,0.3514439463615417480,0.4556788504123687744,0.5222265720367431641
0.5195049643516540527,0.3409093618392944336,0.6282277107238769531,0.4748518466949462891
0.4438438415527343750,0.3570717871189117432,0.5726195573806762695,0.5377812385559082031
0.5489455461502075195,0.4005984663963317871,0.6369345188140869141,0.5264388322830200195
0.5569829940795898438,0.3526914715766906738,0.6705435514450073242,0.4905152022838592529
0.5442811846733093262,0.3866299390792846680,0.6250439882278442383,0.5125110149383544922
0.3984092473983764648,0.3674419224262237549,0.5226185917854309082,0.5143963098526000977
0.3168247938156127930,0.3353654444217681885,0.4170208871364593506,0.4628677964210510254
0.4043855965137481689,0.3572805225849151611,0.4796837866306304932,0.4860313236713409424
0.4647964537143707275,0.3335252702236175537,0.5629730224609375000,0.4918634295463562012
0.5700042247772216797,0.3951975703239440918,0.6852890849113464355,0.5252256989479064941
0.3904479742050170898,0.3278809487819671631,0.4730345010757446289,0.4550364017486572266
0.3437007367610931396,0.3566782474517822266,0.4657296240329742432,0.4961696565151214600
0.4816844463348388672,0.3055298030376434326,0.6193978190422058105,0.4572996199131011963
0.5108706355094909668,0.3431246876716613770,0.5961307287216186523,0.4743905961513519287
0.3973686993122100830,0.3654287159442901611,0.5057777762413024902,0.4961871504783630371
0.6141116619110107422,0.3563641309738159180,0.7227969765663146973,0.5314315557479858398
0.4239913225173950195,0.3969564437866210938,0.5112824440002441406,0.5270888805389404297
0.5139952898025512695,0.3405155241489410400,0.5999160408973693848,0.4870761334896087646
0.4701043963432312012,0.3777802586555480957,0.5909546017646789551,0.5247000455856323242
0.3658129572868347168,0.3860820531845092773,0.4649477005004882812,0.5192648172378540039
0.6034477353096008301,0.3907906711101531982,0.6921540498733520508,0.5422651171684265137
0.3362471461296081543,0.2458079308271408081,0.4482821226119995117,0.4201711118221282959
0.3539153039455413818,0.2525913119316101074,0.4590139687061309814,0.4324152469635009766
0.3625091016292572021,0.3420891761779785156,0.4587897062301635742,0.5035321712493896484
0.3293568491935729980,0.2887734770774841309,0.4769625365734100342,0.4708387851715087891
0.4756713509559631348,0.4248078763484954834,0.5537976026535034180,0.5477740168571472168
0.4407505989074707031,0.3677479028701782227,0.5964636802673339844,0.5571115612983703613
0.3947734832763671875,0.3680251836776733398,0.4896832704544067383,0.4946928322315216064
0.4130600094795227051,0.4278814494609832764,0.4950779080390930176,0.5558090806007385254
0.3656879365444183350,0.3801973164081573486,0.4632316231727600098,0.5238682627677917480
0.3418050408363342285,0.2875365912914276123,0.4357655644416809082,0.4490730166435241699
0.4645740687847137451,0.2925987839698791504,0.5711908936500549316,0.4715160429477691650
0.3549897372722625732,0.4115360677242279053,0.4914188683032989502,0.5920084714889526367
0.5921734571456909180,0.4240616261959075928,0.7270309329032897949,0.5902520418167114258
0.4543968737125396729,0.4288935959339141846,0.5416744947433471680,0.5691329240798950195
0.3249141573905944824,0.2857873439788818359,0.4404537677764892578,0.4363892078399658203
0.5804499983787536621,0.4417437016963958740,0.6980362534523010254,0.5880359411239624023
0.3205156326293945312,0.2903715670108795166,0.4467634260654449463,0.4420041739940643311
0.4319029450416564941,0.4228315353393554688,0.5330806970596313477,0.5394933819770812988
0.4107034802436828613,0.3087857067584991455,0.4899136424064636230,0.4330219924449920654
0.4669633507728576660,0.4350671470165252686,0.5870831012725830078,0.5784124732017517090
0.3241451978683471680,0.2952045500278472900,0.4228684008121490479,0.4427391886711120605
0.3915309906005859375,0.4138107895851135254,0.4761851727962493896,0.5463048219680786133
0.2946603000164031982,0.3467178344726562500,0.4150162935256958008,0.5228129029273986816
0.3717261254787445068,0.3438790440559387207,0.4765213429927825928,0.4970560371875762939
0.4343333840370178223,0.4093475639820098877,0.5316075682640075684,0.5749943256378173828
0.4784172475337982178,0.3894723653793334961,0.5769469141960144043,0.5394395589828491211
0.3837825059890747070,0.3245861828327178955,0.5087958574295043945,0.4769546091556549072
0.5342051982879638672,0.3395802080631256104,0.6151449084281921387,0.4637497067451477051
0.3529162406921386719,0.3683171570301055908,0.4653803408145904541,0.4992336928844451904
0.5826417207717895508,0.3620238006114959717,0.6945141553878784180,0.5339203476905822754
0.3621956408023834229,0.3866128623485565186,0.4916000962257385254,0.5411055088043212891
0.6226451396942138672,0.2946705222129821777,0.7425222396850585938,0.4579751491546630859
0.5994122624397277832,0.3322055637836456299,0.7133738398551940918,0.4677703678607940674
0.5422245264053344727,0.2860974967479705811,0.6473336815834045410,0.4665235280990600586
0.5358842015266418457,0.3995039463043212891,0.6216035485267639160,0.5376294255256652832
0.3073234260082244873,0.3143464624881744385,0.4277050197124481201,0.4594994783401489258
0.5065343976020812988,0.3563371002674102783,0.5931492447853088379,0.4888900220394134521
0.5243471860885620117,0.4517406225204467773,0.6412790417671203613,0.6039442420005798340
0.5431811213493347168,0.3977612555027008057,0.6706535816192626953,0.5495788455009460449
0.2926472425460815430,0.2697376906871795654,0.3896684348583221436,0.4286555349826812744
0.3366327583789825439,0.4090539515018463135,0.4605665802955627441,0.5430878996849060059
0.3713266551494598389,0.3576604723930358887,0.4761463999748229980,0.5185955762863159180
0.4362266957759857178,0.3325423300266265869,0.5260982513427734375,0.4631453156471252441
0.4496055543422698975,0.3475897610187530518,0.5477319955825805664,0.4973629713058471680
0.5620196461677551270,0.2642028331756591797,0.6738010644912719727,0.4499267041683197021
0.5180278420448303223,0.3749753236770629883,0.6368402838706970215,0.5339241623878479004
0.3643506765365600586,0.3719255030155181885,0.4881551563739776611,0.5505566000938415527
0.4748015105724334717,0.3171809911727905273,0.6046096682548522949,0.4558577239513397217
0.4071705937385559082,0.3715731501579284668,0.5111782550811767578,0.4870702624320983887
0.3557653427124023438,0.3615150749683380127,0.4385176002979278564,0.5037042498588562012
0.6157445907592773438,0.3697740137577056885,0.7483853697776794434,0.5427231192588806152
0.3159181773662567139,0.3594857752323150635,0.4560516476631164551,0.5133661627769470215
0.4244355857372283936,0.4250669777393341064,0.5251055359840393066,0.5680065155029296875
0.3285217881202697754,0.3302826583385467529,0.4301237165927886963,0.4822277426719665527
0.4408172965049743652,0.2831282019615173340,0.5404973030090332031,0.4302191138267517090
0.4426060914993286133,0.3676801621913909912,0.5223132371902465820,0.5026733279228210449
0.3908788859844207764,0.3177556991577148438,0.4968299865722656250,0.4839239716529846191
0.4653036892414093018,0.4202501773834228516,0.6060101985931396484,0.5872359871864318848
0.4262129664421081543,0.3502305746078491211,0.5178074240684509277,0.4843244254589080811
0.4030513763427734375,0.4272005259990692139,0.5163825750350952148,0.6053075790405273438
0.3985751867294311523,0.4097048044204711914,0.5020279884338378906,0.5739489197731018066
0.6229076981544494629,0.2871652841567993164,0.7331469655036926270,0.4525426030158996582
0.3993264436721801758,0.3032471239566802979,0.5106005072593688965,0.4379320740699768066
0.4989690482616424561,0.3897342979907989502,0.6077409386634826660,0.5232961177825927734
0.3247371613979339600,0.4310001134872436523,0.4193495213985443115,0.5712584257125854492
0.4593157470226287842,0.3088582456111907959,0.6104031801223754883,0.4815461039543151855
0.4123250842094421387,0.4045005440711975098,0.5119826197624206543,0.5309686660766601562
0.5418750643730163574,0.3305938243865966797,0.6979193687438964844,0.5082493424415588379
0.4720602929592132568,0.4104010462760925293,0.5534034371376037598,0.5502356886863708496
0.5758355259895324707,0.3903362452983856201,0.7054440379142761230,0.5713942646980285645
0.6226767301559448242,0.2913724780082702637,0.7477435469627380371,0.4607740342617034912
0.3223308324813842773,0.3694079220294952393,0.4178853929042816162,0.5212565660476684570
0.5592902302742004395,0.4090494811534881592,0.6655757427215576172,0.5679958462715148926
0.5410975813865661621,0.3695766925811767578,0.6526405215263366699,0.5257241129875183105
0.3555895686149597168,0.3982986211776733398,0.4730242490768432617,0.5552812814712524414
0.3631207644939422607,0.3904671370983123779,0.4582673609256744385,0.5123578906059265137
0.4003482460975646973,0.3475440442562103271,0.5238641500473022461,0.5280469655990600586
0.5364403724670410156,0.3280514478683471680,0.6474526524543762207,0.4731649756431579590
0.5168694853782653809,0.3852596580982208252,0.6234819293022155762,0.5071710944175720215
0.3330405950546264648,0.4103500843048095703,0.4389275908470153809,0.5695058703422546387
0.5526558160781860352,0.3991870284080505371,0.6615306735038757324,0.5522407293319702148
0.6118817925453186035,0.3747740685939788818,0.7105938792228698730,0.5231807827949523926
0.5419153571128845215,0.4015904963016510010,0.6360380649566650391,0.5286518335342407227
0.4804719984531402588,0.3657822608947753906,0.5965233445167541504,0.5151265859603881836
0.3612435758113861084,0.3562021255493164062,0.4501326382160186768,0.4927418529987335205
0.3927282094955444336,0.4392390549182891846,0.4757216870784759521,0.5612199306488037109
0.4161397516727447510,0.3042589128017425537,0.5245443582534790039,0.4655106663703918457
0.5959391593933105469,0.2920576930046081543,0.7075338363647460938,0.4488016664981842041
0.5823326706886291504,0.3271622359752655029,0.6920454502105712891,0.4956548511981964111
0.4922297000885009766,0.4236484169960021973,0.5982826352119445801,0.5499737262725830078
0.4689259529113769531,0.2924600839614868164,0.5741425156593322754,0.4408835470676422119
0.3713593184947967529,0.2485946863889694214,0.4800120592117309570,0.4180393815040588379
0.3044789433479309082,0.4066171050071716309,0.4204576909542083740,0.5612459182739257812
0.4791017770767211914,0.2417998611927032471,0.5852496623992919922,0.4153167307376861572
0.3607350587844848633,0.3052138686180114746,0.4525491297245025635,0.4316343069076538086
0.4291610717773437500,0.4454574584960937500,0.5378527641296386719,0.5754494071006774902
0.4249060750007629395,0.4360392093658447266,0.5202928781509399414,0.5722898840904235840
0.4856349229812622070,0.3417603969573974609,0.6249304413795471191,0.5221335887908935547
0.5722728967666625977,0.4144325852394104004,0.6571676135063171387,0.5396996140480041504
0.4272221028804779053,0.3733684420585632324,0.5334137678146362305,0.5195546746253967285
0.5070340037345886230,0.3682864010334014893,0.5993252992630004883,0.4963081181049346924
0.2824073731899261475,0.3278709352016448975,0.4122508764266967773,0.4667947292327880859
0.5023233890533447266,0.3588019013404846191,0.5980147123336791992,0.5004465579986572266
0.3190547227859497070,0.4266568720340728760,0.4298075735569000244,0.5639404654502868652
0.3700909614562988281,0.3726500570774078369,0.4674444496631622314,0.5068023204803466797
0.4842475056648254395,0.4432046413421630859,0.5754092335700988770,0.5640161037445068359
0.4953439533710479736,0.4283930957317352295,0.5899875164031982422,0.5749835968017578125
0.6187971234321594238,0.2847810685634613037,0.7623980045318603516,0.4523222446441650391
0.6282618641853332520,0.4243401587009429932,0.7360228896141052246,0.5864421129226684570
0.3447534739971160889,0.4299784004688262939,0.4381185173988342285,0.5733085274696350098
0.5214055180549621582,0.3878899812698364258,0.6144749522209167480,0.5326373577117919922
0.4177867770195007324,0.4063929319381713867,0.5201093554496765137,0.5569117665290832520
0.5762892365455627441,0.3092905879020690918,0.6798017621040344238,0.4369457066059112549
0.2888238430023193359,0.3231392204761505127,0.4284410178661346436,0.4891828596591949463
0.5826956033706665039,0.4326898157596588135,0.6987760663032531738,0.5693779587745666504
0.4719827473163604736,0.3919346332550048828,0.5523369908332824707,0.5229036211967468262
0.3734939098358154297,0.4052679836750030518,0.4582849442958831787,0.5395026206970214844
0.5951185822486877441,0.2929186224937438965,0.6882344484329223633,0.4406965672969818115
0.3723193407058715820,0.2857622504234313965,0.4764853715896606445,0.4381446242332458496
0.3819231986999511719,0.4213460981845855713,0.4916472434997558594,0.5595706701278686523
0.3620372414588928223,0.4294403493404388428,0.4383980929851531982,0.5555295944213867188
0.5284574031829833984,0.2793918550014495850,0.6297033429145812988,0.4521620273590087891
0.3116319477558135986,0.3328596353530883789,0.4687519371509552002,0.5167686343193054199
0.5429232716560363770,0.3350943922996520996,0.6487680077552795410,0.4641689360141754150
0.5208668112754821777,0.3580129742622375488,0.6017498970031738281,0.4914906620979309082
0.5322576761245727539,0.3840413689613342285,0.6485521793365478516,0.5228021740913391113
0.4504767060279846191,0.3416155576705932617,0.6015769243240356445,0.5223614573478698730
0.4101127684116363525,0.4003542065620422363,0.5001952052116394043,0.5267079472541809082
0.6313844919204711914,0.3415406942367553711,0.7415750622749328613,0.5171469449996948242
0.5298554897308349609,0.3885531127452850342,0.6172271370887756348,0.5173923373222351074
0.4771345257759094238,0.3338733613491058350,0.5720936059951782227,0.4633699059486389160
0.3464535474777221680,0.4339317977428436279,0.4233207702636718750,0.5546426177024841309
0.2934708297252655029,0.3563994467258453369,0.4238661825656890869,0.5239876508712768555
0.5923418998718261719,0.4225904941558837891,0.6824446320533752441,0.5546171665191650391
0.3346479535102844238,0.4131512045860290527,0.4227454662322998047,0.5376304388046264648
0.5692031979560852051,0.4296956062316894531,0.6782377362251281738,0.5985404253005981445
0.5134236216545104980,0.3853433728218078613,0.6341019868850708008,0.5207816958427429199
0.4698541462421417236,0.3748040795326232910,0.5764307975769042969,0.5089974403381347656
0.2887842357158660889,0.3975707590579986572,0.3883978426456451416,0.5544140934944152832
0.5481281876564025879,0.3556813597679138184,0.6470965147018432617,0.5214335322380065918
0.3964752852916717529,0.4214298725128173828,0.4978637695312500000,0.5515927672386169434
0.3893552124500274658,0.3470082283020019531,0.5016431212425231934,0.4850162863731384277
0.4508267343044281006,0.3690003454685211182,0.5487167239189147949,0.5154243111610412598
0.4509726762771606445,0.3921819627285003662,0.5295544862747192383,0.5168659090995788574
0.4195741117000579834,0.3716095983982086182,0.5650889873504638672,0.5409712195396423340
0.5126674175262451172,0.3619867265224456787,0.6495704054832458496,0.5379521846771240234
0.5505799651145935059,0.4040798544883728027,0.6614342927932739258,0.5274481177330017090
0.5904535651206970215,0.3917792141437530518,0.6917712688446044922,0.5608003735542297363
0.2825796604156494141,0.3523833453655242920,0.3884692788124084473,0.5267830491065979004
0.2765428721904754639,0.3915088474750518799,0.3847128748893737793,0.5602495670318603516
0.5518386363983154297,0.3848667144775390625,0.6411706805229187012,0.5149481296539306641
0.4698207676410675049,0.4248307347297668457,0.5796536207199096680,0.5566333532333374023
0.4300769865512847900,0.3257654905319213867,0.5053297281265258789,0.4416332244873046875
0.5619502067565917969,0.3773440122604370117,0.6618621945381164551,0.5249153971672058105
0.4238096475601196289,0.3868485689163208008,0.5078433156013488770,0.5206826925277709961
0.5511266589164733887,0.3835926651954650879,0.6454034447669982910,0.5430294275283813477
0.3448708653450012207,0.3206515610218048096,0.4604256153106689453,0.4672447741031646729
0.4654501676559448242,0.4089871346950531006,0.5753046274185180664,0.5581400990486145020
0.4873242080211639404,0.3519109785556793213,0.5881674289703369141,0.4805415570735931396
0.6267569661140441895,0.3013253211975097656,0.7256062626838684082,0.4658268392086029053
0.4897341430187225342,0.3311530351638793945,0.6091527938842773438,0.4663775563240051270
0.5768283605575561523,0.2822384536266326904,0.7194135785102844238,0.4453399479389190674
0.3785926401615142822,0.3833208978176116943,0.4677658975124359131,0.5083631277084350586
0.4341082572937011719,0.2861355841159820557,0.5571761131286621094,0.4394744336605072021
0.4762965440750122070,0.3767588436603546143,0.5733255147933959961,0.5350770354270935059
0.3090626001358032227,0.4060364961624145508,0.4455784857273101807,0.5695843100547790527
0.4267570972442626953,0.3911195695400238037,0.5742103457450866699,0.5513053536415100098
0.4261298179626464844,0.3400641381740570068,0.5424251556396484375,0.4730959236621856689
0.3271768987178802490,0.3347531855106353760,0.4273996949195861816,0.4673227667808532715
0.4770134985446929932,0.3581849336624145508,0.5698176622390747070,0.4864374995231628418
0.5692994594573974609,0.4306407570838928223,0.6737646460533142090,0.5849030613899230957
0.4349549710750579834,0.4158027172088623047,0.5423374772071838379,0.5444057583808898926
0.4369993507862091064,0.3552491366863250732,0.5402193069458007812,0.5152510404586791992
0.4631305336952209473,0.4104762077331542969,0.5664972066879272461,0.5642616748809814453
0.4462164044380187988,0.2869657874107360840,0.5619996190071105957,0.4606328308582305908
0.4607902169227600098,0.4234158694744110107,0.5419924855232238770,0.5429131984710693359
0.3630365729331970215,0.4106964170932769775,0.4773201942443847656,0.5389131903648376465
0.4339255094528198242,0.3530649840831756592,0.5554249882698059082,0.4994998872280120850
0.4084089994430541992,0.2885869145393371582,0.5164201259613037109,0.4748772382736206055
0.4202967584133148193,0.3287009298801422119,0.5108895897865295410,0.4815162718296051025
0.5491824746131896973,0.4348040223121643066,0.6296279430389404297,0.5547065734863281250
0.4132137596607208252,0.3855843842029571533,0.5189632177352905273,0.5573650598526000977
0.5313592553138732910,0.3730567097663879395,0.6439393162727355957,0.5184704661369323730
0.4557569622993469238,0.3395980596542358398,0.5742452144622802734,0.4810426235198974609
0.5404886603355407715,0.4000419676303863525,0.6217098236083984375,0.5225390791893005371
0.3582841753959655762,0.3389545977115631104,0.4757229387760162354,0.5127823352813720703
0.5694766044616699219,0.3396357893943786621,0.6954565644264221191,0.4886348247528076172
0.6202389001846313477,0.3026890158653259277,0.7183584570884704590,0.4702888727188110352
0.5297655463218688965,0.4006249010562896729,0.6089015603065490723,0.5312563180923461914
0.4061191976070404053,0.3378417491912841797,0.4926106333732604980,0.4799358546733856201
0.4457691013813018799,0.3466854095458984375,0.5228800773620605469,0.4698106348514556885
0.5770044922828674316,0.3485186398029327393,0.6696478724479675293,0.4873128831386566162
0.4385901391506195068,0.3241870105266571045,0.5231739282608032227,0.4542348682880401611
0.3224119544029235840,0.4456675946712493896,0.4146090447902679443,0.5777212977409362793
0.4067880511283874512,0.4065548777580261230,0.5080819129943847656,0.5688402056694030762
0.3952532410621643066,0.3323814272880554199,0.5002427101135253906,0.4750594794750213623
0.3237004876136779785,0.3722782731056213379,0.4262257516384124756,0.4895609915256500244
0.2921003103256225586,0.3381780087947845459,0.4416930377483367920,0.5182609558105468750
0.4250015914440155029,0.4121960401535034180,0.5311686396598815918,0.5546915531158447266
0.6081614494323730469,0.3241633176803588867,0.6967684626579284668,0.4748098254203796387
0.4884411990642547607,0.4229562580585479736,0.5942406654357910156,0.5920674800872802734
0.5731395483016967773,0.2983885407447814941,0.6593810915946960449,0.4303911924362182617
0.5235350728034973145,0.3190712332725524902,0.6089807152748107910,0.4539556205272674561
0.5563403964042663574,0.3295207917690277100,0.6327607631683349609,0.4495164453983306885
0.4831541776657104492,0.4103212058544158936,0.5700134038925170898,0.5500696897506713867
0.6294249892234802246,0.2979127466678619385,0.7329536080360412598,0.4725352227687835693
0.6150130629539489746,0.3818625211715698242,0.7170314788818359375,0.5457925796508789062
0.3103910386562347412,0.3456398844718933105,0.4162442982196807861,0.4743879735469818115
0.5953983664512634277,0.3935882151126861572,0.7014988660812377930,0.5613417029380798340
0.5036787986755371094,0.3921853303909301758,0.6388447880744934082,0.5762057304382324219
0.5157994627952575684,0.3654385507106781006,0.6377893686294555664,0.5429018139839172363
0.4620766341686248779,0.4189610481262207031,0.5471365451812744141,0.5503600835800170898
0.5983946323394775391,0.4098259806632995605,0.6828135848045349121,0.5524629950523376465
0.3714764714241027832,0.3526195883750915527,0.4549633860588073730,0.4979005753993988037
0.4063810706138610840,0.3283048570156097412,0.5316767096519470215,0.4875718653202056885
0.3162491619586944580,0.3416805565357208252,0.4352975189685821533,0.5297988653182983398
0.5525417923927307129,0.2910486757755279541,0.6794292330741882324,0.4294829666614532471
0.5625357627868652344,0.2643311023712158203,0.6793326735496520996,0.4329313039779663086
0.3830127716064453125,0.3619328141212463379,0.4777301251888275146,0.5257096290588378906
0.5476517081260681152,0.3946269154548645020,0.6270852684974670410,0.5186893939971923828
0.3756510317325592041,0.3701473176479339600,0.4588173329830169678,0.4934767186641693115
0.2924486100673675537,0.2657880485057830811,0.3968790471553802490,0.4446620345115661621
0.5295342206954956055,0.2842410504817962646,0.6189376115798950195,0.4337172508239746094
0.3124850094318389893,0.3197870254516601562,0.4003571867942810059,0.4551829695701599121
0.4105352759361267090,0.4261964559555053711,0.4962282776832580566,0.5514514446258544922
0.5555634498596191406,0.3429295122623443604,0.6898086667060852051,0.5127074122428894043
0.4681363403797149658,0.3047632873058319092,0.5657305121421813965,0.4328535795211791992
0.5904098749160766602,0.3414751291275024414,0.6695356965065002441,0.4582152068614959717
0.4137710928916931152,0.3749614059925079346,0.4902651607990264893,0.5054231286048889160
0.4515736401081085205,0.4307050108909606934,0.5453493595123291016,0.5913447141647338867
0.5641102194786071777,0.4108956158161163330,0.6374123096466064453,0.5388497710227966309
0.4399597048759460449,0.2740364074707031250,0.5465850830078125000,0.4357426166534423828
0.6114194989204406738,0.2813915312290191650,0.7188337445259094238,0.4525220394134521484
0.5726135969161987305,0.3886473774909973145,0.6910876631736755371,0.5404179096221923828
0.3534163236618041992,0.3658548593521118164,0.4278345108032226562,0.4926269054412841797
0.4456689655780792236,0.2716702818870544434,0.5468981266021728516,0.4336710274219512939
0.3707837164402008057,0.3913096785545349121,0.4787985384464263916,0.5175999402999877930
0.6056574583053588867,0.4078187644481658936,0.7167115211486816406,0.5647836327552795410
0.4920535981655120850,0.3966431617736816406,0.6340706348419189453,0.5570351481437683105
0.4077954590320587158,0.3738330304622650146,0.5262007117271423340,0.5140654444694519043
0.5784612894058227539,0.3359209895133972168,0.6652371287345886230,0.4505389928817749023
0.5083914399147033691,0.4175698161125183105,0.6604517698287963867,0.6021617054939270020
0.5648031830787658691,0.3831715285778045654,0.6789135336875915527,0.5510146021842956543
0.4983716607093811035,0.3649151921272277832,0.6253474354743957520,0.5097268223762512207
0.5753143429756164551,0.3478169739246368408,0.6566140055656433105,0.4869347810745239258
0.4310537278652191162,0.3316570520401000977,0.5719398260116577148,0.4838010668754577637
0.5397299528121948242,0.2333310544490814209,0.6482972502708435059,0.4203475117683410645
0.4352663755416870117,0.4306848645210266113,0.5134364366531372070,0.5468216538429260254
0.4335838854312896729,0.3604107499122619629,0.5187859535217285156,0.5062288045883178711
0.5030183792114257812,0.3561878204345703125,0.6188395619392395020,0.5151674151420593262
0.5276893377304077148,0.3861388862133026123,0.6404663324356079102,0.5241687297821044922
0.3962612748146057129,0.3841595947742462158,0.4857749640941619873,0.5406877398490905762
0.3347038626670837402,0.4129126965999603271,0.4199722409248352051,0.5480952262878417969
0.4958234131336212158,0.2994110584259033203,0.6029635071754455566,0.4759474396705627441
0.5388424992561340332,0.3430649638175964355,0.6506221890449523926,0.4658482372760772705
0.4635181725025177002,0.4232560694217681885,0.5799093246459960938,0.5647976994514465332
0.3547565042972564697,0.3750935494899749756,0.4806076288223266602,0.5498443245887756348
0.5439478158950805664,0.3990308642387390137,0.6616051793098449707,0.5357565283775329590
0.4908067882061004639,0.4172136783599853516,0.6055089831352233887,0.5586760044097900391
0.5952147245407104492,0.2805523276329040527,0.7164514660835266113,0.4335129559040069580
0.5557087659835815430,0.3679372370243072510,0.6645509004592895508,0.5021646022796630859
0.5414328575134277344,0.3189887702465057373,0.6563639044761657715,0.4486586153507232666
0.3458504676818847656,0.4298341274261474609,0.4317952096462249756,0.5664136409759521484
0.4305018484592437744,0.3336912393569946289,0.5224870443344116211,0.4785762429237365723
0.5517493486404418945,0.3575405776500701904,0.6760933399200439453,0.5073135495185852051
0.5850104093551635742,0.4309417307376861572,0.6658109426498413086,0.5554460287094116211
0.3389272093772888184,0.4115257263183593750,0.4340917766094207764,0.5554285645484924316
0.4278793632984161377,0.3142298460006713867,0.5407115221023559570,0.4511954486370086670
0.4351330697536468506,0.3451629579067230225,0.5245736837387084961,0.4761953651905059814
0.5277372002601623535,0.2753051817417144775,0.6293599605560302734,0.4410150349140167236
0.3823091387748718262,0.4355563223361968994,0.4832287132740020752,0.5573309659957885742
0.6026607155799865723,0.3799349963665008545,0.7035252451896667480,0.5209639072418212891
0.3757679462432861328,0.2849745750427246094,0.4874863922595977783,0.4651250541210174561
0.3740897476673126221,0.4398379325866699219,0.4573516845703125000,0.5642936825752258301
0.4315421879291534424,0.4091404080390930176,0.5217834711074829102,0.5561664104461669922
0.4564871490001678467,0.4094640612602233887,0.5381595492362976074,0.5330101847648620605
0.4625585079193115234,0.3817880153656005859,0.5421886444091796875,0.5216699242591857910
0.5101304054260253906,0.3937252759933471680,0.6167196035385131836,0.5144315361976623535
0.4512845277786254883,0.4121561050415039062,0.5323640704154968262,0.5366182923316955566
0.3628932833671569824,0.3503901064395904541,0.5208857059478759766,0.5225463509559631348
0.3369018137454986572,0.3092432618141174316,0.4835124015808105469,0.4852112233638763428
0.3250840902328491211,0.3112555444240570068,0.4133463501930236816,0.4447228014469146729
0.4981955587863922119,0.4227262735366821289,0.6147308349609375000,0.5974559187889099121
0.3225181102752685547,0.3507210314273834229,0.4479039013385772705,0.4985326528549194336
0.3400895893573760986,0.3535096049308776855,0.4642089009284973145,0.5097178220748901367
0.3138549029827117920,0.3817660212516784668,0.4199004769325256348,0.5019115805625915527
0.5805597305297851562,0.3814176321029663086,0.6966199278831481934,0.5218107104301452637
0.3663752675056457520,0.4206723272800445557,0.4564935564994812012,0.5713831186294555664
0.3564609289169311523,0.3166875243186950684,0.4521161913871765137,0.4794116318225860596
0.5747393965721130371,0.3846089541912078857,0.6678823232650756836,0.5225516557693481445
0.5957787632942199707,0.3338356018066406250,0.6955051422119140625,0.4912080764770507812
0.5676564574241638184,0.4198551177978515625,0.6843169927597045898,0.5631743073463439941
0.5945088267326354980,0.4103577136993408203,0.6737182140350341797,0.5460237860679626465
0.5833237171173095703,0.3929550051689147949,0.6804211139678955078,0.5505434274673461914
0.5253106355667114258,0.3344782888889312744,0.6128517985343933105,0.4849489629268646240
0.5303949713706970215,0.4302958250045776367,0.6289938092231750488,0.5721426606178283691
0.4623660445213317871,0.4160954952239990234,0.5837916135787963867,0.5877469778060913086
0.4409184455871582031,0.3869240581989288330,0.5163778662681579590,0.5038049817085266113
0.4115702807903289795,0.4140611290931701660,0.5099440217018127441,0.5689134597778320312
0.4169795811176300049,0.3436731398105621338,0.5161200761795043945,0.4894766807556152344
0.3725029230117797852,0.3207819163799285889,0.4628614485263824463,0.4560995995998382568
0.6061964035034179688,0.3707936108112335205,0.6911242604255676270,0.5044809579849243164
0.5909665226936340332,0.4033526480197906494,0.6987404227256774902,0.5662653446197509766
0.4552204906940460205,0.3943539559841156006,0.5475457310676574707,0.5327384471893310547
0.4354905486106872559,0.4415857791900634766,0.5158260464668273926,0.5701408386230468750
0.6047445535659790039,0.4019520282745361328,0.6948338747024536133,0.5354305505752563477
0.4193493127822875977,0.2595996856689453125,0.5294473767280578613,0.4205556213855743408
0.4499006867408752441,0.4418325126171112061,0.5239347219467163086,0.5686858892440795898
0.5640339255332946777,0.4402634203433990479,0.6649168729782104492,0.5647367835044860840
0.5311204791069030762,0.3508425951004028320,0.6429350376129150391,0.4780782163143157959
0.5514909029006958008,0.3895845711231231689,0.6724528074264526367,0.5672191381454467773
0.4438435733318328857,0.3099211454391479492,0.5612801313400268555,0.4447804391384124756
0.4393080770969390869,0.2838816046714782715,0.5313017964363098145,0.4280644357204437256
0.4063911139965057373,0.3041237294673919678,0.4973250627517700195,0.4511498212814331055
0.3910605609416961670,0.4074563682079315186,0.5025435090065002441,0.5404320955276489258
0.5164902806282043457,0.3910693526268005371,0.6389620304107666016,0.5565083622932434082
0.3960537016391754150,0.3647737205028533936,0.4825873076915740967,0.4856286644935607910
0.5423067808151245117,0.4098763763904571533,0.6296411752700805664,0.5546864867210388184
0.3291068077087402344,0.3699154555797576904,0.4641333818435668945,0.5237722396850585938
0.3371077477931976318,0.3488079905509948730,0.4413113892078399658,0.4995979070663452148
0.3864945471286773682,0.3199542462825775146,0.5175873041152954102,0.4884963035583496094
0.3141822516918182373,0.2536028921604156494,0.4221329689025878906,0.4324725568294525146
0.2601271569728851318,0.3744872510433197021,0.3843464553356170654,0.5513990521430969238
0.5403140187263488770,0.3762004673480987549,0.6915854811668395996,0.5655378103256225586
0.3707990348339080811,0.2921709120273590088,0.5005553960800170898,0.4436809122562408447
0.3636513948440551758,0.3548651933670043945,0.4490955770015716553,0.4836662411689758301
0.4827193319797515869,0.3960861265659332275,0.5823286175727844238,0.5342578887939453125
0.5457255244255065918,0.4269655048847198486,0.6413239836692810059,0.5753797888755798340
0.3754815757274627686,0.3822731077671051025,0.4798795580863952637,0.5140479803085327148
0.4732206463813781738,0.4462355971336364746,0.5646850466728210449,0.5700285434722900391
0.4442668557167053223,0.3382167816162109375,0.5592061877250671387,0.5215077400207519531
0.3941158354282379150,0.3514375090599060059,0.5032906532287597656,0.5233291387557983398
0.4504759609699249268,0.4282099008560180664,0.5452753305435180664,0.5596001744270324707
